CompanyName,localauthority_name,postcode,accountcode,Employees_thisyear,Employees_lastyear,percent_changefromprevyear,SIC_5DIGIT_CODE,SIC_5DIGIT_NAME,SIC_2DIGIT_CODE,SIC_2DIGIT_CODE_NUMERIC,SIC_2DIGIT_NAME,SIC_3DIGIT_CODE,SIC_3DIGIT_NAME,SIC_SECTION_LETTER,SIC_SECTION_CODE,SIC_SECTION_NAME,incorporationdate_formatted,age_of_firm_years
NQUBEKOZOLANI LTD,Barnsley,S701YP,20231231,989,0,Inf,45200,45200 : Maintenance and repair of motor vehicles,45,45,45 : Wholesale and retail trade and repair of motor vehicles and motorcycles,452,452 : Maintenance and repair of motor vehicles,G,G (45-47),Wholesale and retail trade; repair of motor vehicles,2018-12-24T00:00:00Z,6.542465753424658
GRIPPLE LIMITED,Sheffield,S47UQ,20231231,932,957,-2.61,25990,25990 : Manufacture of other fabricated metal products nec,25,25,"25 : Manufacture of fabricated metal products, except machinery and equipment",259,259 : Manufacture of other fabricated metal products,C,C (10-33),Manufacturing,1983-11-25T00:00:00Z,41.64657534246575
POTTERS RESORTS LIMITED,Sheffield,S118YZ,20231231,784,784,0,55100,55100 : Hotels and similar accommodation,55,55,55 : Accommodation,551,551 : Hotels and similar accommodation,I,I (55-56),Accommodation and food service activities,2021-10-12T00:00:00Z,3.73972602739726
THE A & S LEISURE GROUP LIMITED,Sheffield,S62BL,20240930,743,743,0,92000,92000 : Gambling and betting activities,92,92,92 : Gambling and betting activities,920,920 : Gambling and betting activities,R,R (90-93),"Arts, entertainment and recreation",1968-09-20T00:00:00Z,56.83561643835616
MASSARELLA CATERING GROUP LIMITED,Rotherham,S251XZ,20231231,716,684,4.68,70100,70100 : Activities of head offices,70,70,70 : Activities of head offices; management consultancy activities,701,701 : Activities of head offices,M,M (69-75),"Professional, scientific and technical activities",1978-05-25T00:00:00Z,47.153424657534245
ORBITAL UMBRELLA LIMITED,Barnsley,S702JW,20231031,712,1039,-31.47,82110,82110 : Combined office administrative service activities,82,82,"82 : Office administrative, office support and other business support activities",821,821 : Office administrative and support activities,N,N (77-82),Administrative and support service activities,2010-11-03T00:00:00Z,14.687671232876712
NORTHGATE FAST FOOD LIMITED,Sheffield,S93YE,20230930,687,687,0,56102,56102 : Unlicensed restaurants and cafes,56,56,56 : Food and beverage service activities,561,561 : Restaurants and mobile food service activities,I,I (55-56),Accommodation and food service activities,1993-08-03T00:00:00Z,31.95068493150685
MASSARELLA RESTAURANTS LIMITED,Rotherham,S251XZ,20231231,561,559,0.36,56101,56101 : Licensed restaurants,56,56,56 : Food and beverage service activities,561,561 : Restaurants and mobile food service activities,I,I (55-56),Accommodation and food service activities,1992-03-20T00:00:00Z,33.323287671232876
NCR FINANCIAL SOLUTIONS GROUP LIMITED,Rotherham,S601LH,20231231,500,605,-17.36,71121,71121 : Engineering design activities for industrial process and production,71,71,71 : Architectural and engineering activities; technical testing and analysis,711,711 : Architectural and engineering activities and related technical consultancy,M,M (69-75),"Professional, scientific and technical activities",1946-07-11T00:00:00Z,79.04657534246576
POTTER'S LEISURE LTD.,Sheffield,S118YZ,20231231,494,494,0,93290,93290 : Other amusement and recreation activities,93,93,93 : Sports activities and amusement and recreation activities,932,932 : Amusement and recreation activities,R,R (90-93),"Arts, entertainment and recreation",1948-05-03T00:00:00Z,77.23287671232876
FORDE RECRUITMENT LIMITED,Sheffield,S12EB,20241130,480,350,37.14,78200,78200 : Temporary employment agency activities,78,78,78 : Employment activities,782,782 : Temporary employment agency activities,N,N (77-82),Administrative and support service activities,1999-03-10T00:00:00Z,26.34794520547945
MULCROFT LIMITED,Sheffield,S93YE,20230930,445,445,0,56102,56102 : Unlicensed restaurants and cafes,56,56,56 : Food and beverage service activities,561,561 : Restaurants and mobile food service activities,I,I (55-56),Accommodation and food service activities,1989-10-31T00:00:00Z,35.70958904109589
SIERRA 1 SECURITY STEWARDING LTD,Sheffield,S95AF,20240331,440,556,-20.86,80100,80100 : Private security activities,80,80,80 : Security and investigation activities,801,801 : Private security activities,N,N (77-82),Administrative and support service activities,2020-01-17T00:00:00Z,5.476712328767123
ONE CALL INSURANCE SERVICES LIMITED,Doncaster,DN45JQ,20231231,437,389,12.34,66220,66220 : Activities of insurance agents and brokers,66,66,66 : Activities auxiliary to financial services and insurance activities,662,662 : Activities auxiliary to insurance and pension funding,K,K (64-66),Financial and insurance activities,2003-03-11T00:00:00Z,22.34246575342466
BARNSLEY FOOTBALL CLUB LIMITED,Barnsley,S711ET,20240630,435,383,13.58,93199,93199 : Other sports activities (not including activities of racehorse owners) nec,93,93,93 : Sports activities and amusement and recreation activities,931,931 : Sports activities,R,R (90-93),"Arts, entertainment and recreation",2002-10-25T00:00:00Z,22.71780821917808
SUN HEALTHCARE LIMITED,Barnsley,S702LT,20240630,434,402,7.96,87900,87900 : Other residential care activities,87,87,87 : Residential care activities,879,879 : Other residential care activities,Q,Q (86-88),Human health and social work activities,2001-05-21T00:00:00Z,24.147945205479452
QUEENSCOURT LIMITED,Sheffield,S93YE,20230930,416,416,0,56102,56102 : Unlicensed restaurants and cafes,56,56,56 : Food and beverage service activities,561,561 : Restaurants and mobile food service activities,I,I (55-56),Accommodation and food service activities,1995-01-09T00:00:00Z,30.515068493150686
YOURCARE24 LTD,Sheffield,S92FH,20240531,400,400,0,86900,86900 : Other human health activities,86,86,86 : Human health activities,869,869 : Other human health activities,Q,Q (86-88),Human health and social work activities,2016-05-25T00:00:00Z,9.126027397260273
MARCEGAGLIA STAINLESS SHEFFIELD LTD,Sheffield,S91TZ,20231231,395,0,Inf,24100,24100 : Manufacture of basic iron and steel and of ferro-alloys,24,24,24 : Manufacture of basic metals,241,241 : Manufacture of basic iron and steel and of ferro-alloys,C,C (10-33),Manufacturing,2022-02-11T00:00:00Z,3.4054794520547946
S.P.Q. LTD.,Sheffield,S93YE,20230930,392,392,0,56102,56102 : Unlicensed restaurants and cafes,56,56,56 : Food and beverage service activities,561,561 : Restaurants and mobile food service activities,I,I (55-56),Accommodation and food service activities,2003-04-22T00:00:00Z,22.22739726027397
YORKSHIRE REPAK LIMITED,Barnsley,S702NP,20240531,354,409,-13.45,32990,32990 : Other manufacturing nec,32,32,32 : Other manufacturing,329,329 : Other manufacturing,C,C (10-33),Manufacturing,1985-03-11T00:00:00Z,40.35342465753425
PROFORCE SECURITY SERVICES LIMITED,Sheffield,S91BX,20240930,350,350,0,70229,70229 : Management consultancy activities (other than financial management),70,70,70 : Activities of head offices; management consultancy activities,702,702 : Management consultancy activities,M,M (69-75),"Professional, scientific and technical activities",2007-09-10T00:00:00Z,17.838356164383562
YOUR CARE PROVIDER LTD,Barnsley,S730HQ,20240531,348,311,11.9,87300,87300 : Residential care activities for the elderly and disabled,87,87,87 : Residential care activities,873,873 : Residential care activities for the elderly and disabled,Q,Q (86-88),Human health and social work activities,2017-11-01T00:00:00Z,7.6876712328767125
ANSYS UK LIMITED,Sheffield,S12JE,20231231,344,320,7.5,62090,62090 : Other information technology and computer service activities,62,62,"62 : Computer programming, consultancy and related activities",620,"620 : Computer programming, consultancy and related activities",J,J (58-63),Information and communication,2000-01-27T00:00:00Z,25.46301369863014
2 AM MANAGEMENT COMPANY LIMITED,Barnsley,S630JF,20240331,338,396,-14.65,70100,70100 : Activities of head offices,70,70,70 : Activities of head offices; management consultancy activities,701,701 : Activities of head offices,M,M (69-75),"Professional, scientific and technical activities",2009-02-12T00:00:00Z,16.410958904109588
T. QUALITY LIMITED,Doncaster,DN59TL,20231231,332,311,6.75,46380,"46380 : Wholesale of other food, including fish, crustaceans and molluscs",46,46,"46 : Wholesale trade, except of motor vehicles and motorcycles",463,"463 : Wholesale of food, beverages and tobacco",G,G (45-47),Wholesale and retail trade; repair of motor vehicles,1947-06-28T00:00:00Z,78.08219178082192
SCHAEFFLER (UK) LIMITED,Rotherham,S265PN,20231231,328,329,-0.3,28150,"28150 : Manufacture of bearings, gears, gearing and driving elements",28,28,28 : Manufacture of machinery and equipment n.e.c.,281,281 : Manufacture of general purpose machinery,C,C (10-33),Manufacturing,1955-10-26T00:00:00Z,69.74794520547945
HEB GROUP LTD,Sheffield,S47UQ,20240331,299,255,17.25,70100,70100 : Activities of head offices,70,70,70 : Activities of head offices; management consultancy activities,701,701 : Activities of head offices,M,M (69-75),"Professional, scientific and technical activities",2019-08-16T00:00:00Z,5.898630136986301
A.B. HOTELS (FIVE LAKES) LIMITED,Sheffield,S118YZ,20231231,290,290,0,55100,55100 : Hotels and similar accommodation,55,55,55 : Accommodation,551,551 : Hotels and similar accommodation,I,I (55-56),Accommodation and food service activities,2016-02-03T00:00:00Z,9.432876712328767
TPV (UK HOLDINGS) LIMITED,Rotherham,S653EW,20240430,289,288,0.35,64209,"64209 : Activities of other holding companies (not including agricultural, production, construction, distribution and financial  services holding companies) n.e.c",64,64,"64 : Financial service activities, except insurance and pension funding",642,642 : Activities of holding companies,K,K (64-66),Financial and insurance activities,2022-01-20T00:00:00Z,3.4657534246575343
SKF. LO (CHEMISTS) LIMITED,Rotherham,S635DB,20240331,275,160,71.88,47730,47730 : Dispensing chemist in specialised stores,47,47,"47 : Retail trade, except of motor vehicles and motorcycles",477,477 : Retail sale of other goods in specialised stores,G,G (45-47),Wholesale and retail trade; repair of motor vehicles,2002-04-24T00:00:00Z,23.221917808219178
EVOGO GROUP LTD,Sheffield,S48AL,20231231,273,243,12.35,64999,"64999 : Other financial service activities, except insurance and pension funding, (not including security dealing on own account and factoring) n.e.c.",64,64,"64 : Financial service activities, except insurance and pension funding",649,"649 : Other financial service activities, except insurance and pension funding",K,K (64-66),Financial and insurance activities,2018-05-30T00:00:00Z,7.112328767123287
CINCH CONTRACTING SERVICES LTD,Sheffield,S94WQ,20240731,272,NA,NA,82990,82990 : Other business support service activities nec,82,82,"82 : Office administrative, office support and other business support activities",829,829 : Business support service activities n.e.c.,N,N (77-82),Administrative and support service activities,2014-08-22T00:00:00Z,10.884931506849314
SHEFFIELD WEDNESDAY FOOTBALL CLUB LIMITED,Sheffield,S61SW,20240731,271,282,-3.9,93110,93110 : Operation of sports facilities,93,93,93 : Sports activities and amusement and recreation activities,931,931 : Sports activities,R,R (90-93),"Arts, entertainment and recreation",1990-06-08T00:00:00Z,35.106849315068494
AUTISM PLUS LIMITED,Sheffield,S38NS,20240331,270,283,-4.59,87900,87900 : Other residential care activities,87,87,87 : Residential care activities,879,879 : Other residential care activities,Q,Q (86-88),Human health and social work activities,1987-02-09T00:00:00Z,38.43561643835616
UNDERWOOD MEAT COMPANY LIMITED,Rotherham,S601RU,20231031,270,259,4.25,46320,46320 : Wholesale of meat and meat products,46,46,"46 : Wholesale trade, except of motor vehicles and motorcycles",463,"463 : Wholesale of food, beverages and tobacco",G,G (45-47),Wholesale and retail trade; repair of motor vehicles,1992-05-21T00:00:00Z,33.153424657534245
ROSEACRE PUB COMPANY LTD,Sheffield,S94WG,20240331,269,269,0,56302,56302 : Public houses and bars,56,56,56 : Food and beverage service activities,563,563 : Beverage serving activities,I,I (55-56),Accommodation and food service activities,2014-06-16T00:00:00Z,11.068493150684931
SAGE PUBS LIMITED,Sheffield,S94WG,20240331,269,269,0,56302,56302 : Public houses and bars,56,56,56 : Food and beverage service activities,563,563 : Beverage serving activities,I,I (55-56),Accommodation and food service activities,2023-05-10T00:00:00Z,2.164383561643836
UK EVENT MEDICAL SERVICES LIMITED,Sheffield,S94EX,20240731,257,233,10.3,86900,86900 : Other human health activities,86,86,86 : Human health activities,869,869 : Other human health activities,Q,Q (86-88),Human health and social work activities,2002-02-27T00:00:00Z,23.375342465753423
NEWELL AND WRIGHT TRANSPORT CONTRACTORS (SHEFFIELD) LIMITED,Sheffield,S91RT,20240831,256,235,8.94,49410,49410 : Freight transport by road,49,49,49 : Land transport and transport via pipelines,494,494 : Freight transport by road and removal services,H,H (49-53),Transportation and storage,1986-11-05T00:00:00Z,38.6986301369863
INDEPENDENT FORGINGS & ALLOYS LIMITED,Sheffield,S62BL,20240331,254,223,13.9,25500,"25500 : Forging, pressing, stamping and roll-forming of metal; powder metallurgy",25,25,"25 : Manufacture of fabricated metal products, except machinery and equipment",255,"255 : Forging, pressing, stamping and roll-forming of metal; powder metallurgy",C,C (10-33),Manufacturing,2000-12-11T00:00:00Z,24.589041095890412
WILSONS FURNISHERS (HOLDINGS) LIMITED,Rotherham,S637LG,20240930,248,246,0.81,47530,"47530 : Retail sale of carpets, rugs, wall and floor coverings in specialised stores",47,47,"47 : Retail trade, except of motor vehicles and motorcycles",475,475 : Retail sale of other household equipment in specialised stores,G,G (45-47),Wholesale and retail trade; repair of motor vehicles,2012-09-04T00:00:00Z,12.849315068493151
WILSONS FURNISHERS LIMITED,Rotherham,S637LG,20240930,248,246,0.81,47530,"47530 : Retail sale of carpets, rugs, wall and floor coverings in specialised stores",47,47,"47 : Retail trade, except of motor vehicles and motorcycles",475,475 : Retail sale of other household equipment in specialised stores,G,G (45-47),Wholesale and retail trade; repair of motor vehicles,2003-01-29T00:00:00Z,22.454794520547946
INTRACAVE LIMITED,Sheffield,S93YE,20230930,246,246,0,56102,56102 : Unlicensed restaurants and cafes,56,56,56 : Food and beverage service activities,561,561 : Restaurants and mobile food service activities,I,I (55-56),Accommodation and food service activities,1984-03-13T00:00:00Z,41.347945205479455
CHESTERFIELD POULTRY HOLDINGS LIMITED,Doncaster,DN85JT,20240630,240,240,0,64209,"64209 : Activities of other holding companies (not including agricultural, production, construction, distribution and financial  services holding companies) n.e.c",64,64,"64 : Financial service activities, except insurance and pension funding",642,642 : Activities of holding companies,K,K (64-66),Financial and insurance activities,2022-04-27T00:00:00Z,3.2
CHESTERFIELD POULTRY LIMITED,Doncaster,DN85JT,20240630,240,240,0,10130,10130 : Production of meat and poultry meat products,10,10,10 : Manufacture of food products,101,101 : Processing and preserving of meat and production of meat products,C,C (10-33),Manufacturing,2002-08-22T00:00:00Z,22.893150684931506
TRUSTCLEAN COMMERCIAL CONTRACT CLEANING LIMITED,Doncaster,DN59QH,20231130,229,229,0,81210,81210 : General cleaning of buildings,81,81,81 : Services to buildings and landscape activities,812,812 : Cleaning activities,N,N (77-82),Administrative and support service activities,2017-06-22T00:00:00Z,8.04931506849315
LEGER SHEARINGS GROUP LIMITED,Rotherham,S602XR,20231231,227,170,33.53,79120,79120 : Tour operator activities,79,79,"79 : Travel agency, tour operator and other reservation service and related activities",791,791 : Travel agency and tour operator activities,N,N (77-82),Administrative and support service activities,1987-03-25T00:00:00Z,38.31506849315068
HIGHFIELD AWARDING BODY FOR COMPLIANCE LIMITED,Doncaster,DN45JQ,20240731,225,210,7.14,85600,85600 : Educational support activities,85,85,85 : Education,856,856 : Educational support activities,P,P (85),Education,2008-01-21T00:00:00Z,17.473972602739725
TRUST EDUCATION LIMITED,Rotherham,S635DA,20240831,219,80,173.75,78200,78200 : Temporary employment agency activities,78,78,78 : Employment activities,782,782 : Temporary employment agency activities,N,N (77-82),Administrative and support service activities,2022-07-04T00:00:00Z,3.0136986301369864
DAVID JAMES ENTERPRISES LIMITED,Rotherham,S612RQ,20240131,213,207,2.9,47789,"47789 : Other retail sale of new goods in specialised stores (other than by opticians or commercial art galleries), nec",47,47,"47 : Retail trade, except of motor vehicles and motorcycles",477,477 : Retail sale of other goods in specialised stores,G,G (45-47),Wholesale and retail trade; repair of motor vehicles,2004-11-01T00:00:00Z,20.695890410958903
STRATA HOMES YORKSHIRE LIMITED,Doncaster,DN45PL,20240629,213,205,3.9,41202,41202 : Construction of domestic buildings,41,41,41 : Construction of buildings,412,412 : Construction of residential and non-residential buildings,F,F (41-43),Construction,1981-11-10T00:00:00Z,43.68767123287671
SHEFFIELD SPORTS STADIUM LIMITED,Sheffield,S62BL,20240930,209,NA,NA,82301,82301 : Activities of exhibition and fair organizers,82,82,"82 : Office administrative, office support and other business support activities",823,823 : Organisation of conventions and trade shows,N,N (77-82),Administrative and support service activities,1961-11-06T00:00:00Z,63.71232876712329
DIRECT TRADE (YORKSHIRE) LIMITED,Doncaster,DN31QL,20240331,208,235,-11.49,22290,22290 : Manufacture of other plastic products,22,22,22 : Manufacture of rubber and plastic products,222,222 : Manufacture of plastics products,C,C (10-33),Manufacturing,1998-01-22T00:00:00Z,27.476712328767125
HORBURY GROUP LIMITED,Rotherham,S602AF,20240531,208,278,-25.18,70100,70100 : Activities of head offices,70,70,70 : Activities of head offices; management consultancy activities,701,701 : Activities of head offices,M,M (69-75),"Professional, scientific and technical activities",2007-04-18T00:00:00Z,18.235616438356164
HEB GROUP CLEANING & HYGIENE LTD,Doncaster,DN45NL,20240331,207,173,19.65,81210,81210 : General cleaning of buildings,81,81,81 : Services to buildings and landscape activities,812,812 : Cleaning activities,N,N (77-82),Administrative and support service activities,2001-05-31T00:00:00Z,24.12054794520548
DISTINCTION DOORS LIMITED,Barnsley,S753DH,20231231,197,190,3.68,46130,46130 : Agents involved in the sale of timber and building materials,46,46,"46 : Wholesale trade, except of motor vehicles and motorcycles",461,461 : Wholesale on a fee or contract basis,G,G (45-47),Wholesale and retail trade; repair of motor vehicles,2004-11-26T00:00:00Z,20.627397260273973
KINGASIA FOODS LIMITED,Doncaster,DN45JJ,20240630,197,191,3.14,10850,10850 : Manufacture of prepared meals and dishes,10,10,10 : Manufacture of food products,108,108 : Manufacture of other food products,C,C (10-33),Manufacturing,1991-05-14T00:00:00Z,34.175342465753424
DONCASTER ROVERS LIMITED,Doncaster,DN45JW,20240630,193,191,1.05,93110,93110 : Operation of sports facilities,93,93,93 : Sports activities and amusement and recreation activities,931,931 : Sports activities,R,R (90-93),"Arts, entertainment and recreation",1999-03-24T00:00:00Z,26.30958904109589
O C MOTOR REPAIR LIMITED,Doncaster,DN45JQ,20231231,193,182,6.04,45200,45200 : Maintenance and repair of motor vehicles,45,45,45 : Wholesale and retail trade and repair of motor vehicles and motorcycles,452,452 : Maintenance and repair of motor vehicles,G,G (45-47),Wholesale and retail trade; repair of motor vehicles,2007-05-10T00:00:00Z,18.175342465753424
HAYWOOD AND PADGETT LIMITED,Barnsley,S713HS,20231031,192,192,0,10710,10710 : Manufacture of bread; manufacture of fresh pastry goods and cakes,10,10,10 : Manufacture of food products,107,107 : Manufacture of bakery and farinaceous products,C,C (10-33),Manufacturing,1987-11-13T00:00:00Z,37.676712328767124
LUCY AND YAK LTD,Barnsley,S740FP,20240731,192,150,28,47710,47710 : Retail sale of clothing in specialised stores,47,47,"47 : Retail trade, except of motor vehicles and motorcycles",477,477 : Retail sale of other goods in specialised stores,G,G (45-47),Wholesale and retail trade; repair of motor vehicles,2017-07-05T00:00:00Z,8.013698630136986
PRAHI LIMITED,Doncaster,DN45NU,20231230,192,188,2.13,46310,46310 : Wholesale of fruit and vegetables,46,46,"46 : Wholesale trade, except of motor vehicles and motorcycles",463,"463 : Wholesale of food, beverages and tobacco",G,G (45-47),Wholesale and retail trade; repair of motor vehicles,2012-04-11T00:00:00Z,13.24931506849315
PK EDUCATION LIMITED,Sheffield,S12EX,20240731,191,101,89.11,85600,85600 : Educational support activities,85,85,85 : Education,856,856 : Educational support activities,P,P (85),Education,2019-04-18T00:00:00Z,6.227397260273973
SBD APPAREL LIMITED,Rotherham,S605FX,20240331,191,36,430.56,14190,14190 : Manufacture of other wearing apparel and accessories,14,14,14 : Manufacture of wearing apparel,141,"141 : Manufacture of wearing apparel, except fur apparel",C,C (10-33),Manufacturing,2013-03-19T00:00:00Z,12.312328767123288
HEC PROPERTY SERVICES LIMITED,Sheffield,S93RS,20250331,190,188,1.06,81299,81299 : Cleaning services (other than disinfecting and extermination services) nec,81,81,81 : Services to buildings and landscape activities,812,812 : Cleaning activities,N,N (77-82),Administrative and support service activities,2002-12-10T00:00:00Z,22.59178082191781
LOADHOG LIMITED,Sheffield,S92SU,20231231,189,173,9.25,22290,22290 : Manufacture of other plastic products,22,22,22 : Manufacture of rubber and plastic products,222,222 : Manufacture of plastics products,C,C (10-33),Manufacturing,2003-01-02T00:00:00Z,22.528767123287672
IVY COTTAGE (ACKTON) LTD,Barnsley,S715RG,20240331,188,186,1.08,96090,96090 : Other personal service activities nec,96,96,96 : Other personal service activities,960,960 : Other personal service activities,S,S (94-96),Other service activities,2000-08-03T00:00:00Z,24.945205479452056
INSPIRO LEARNING LIMITED,Doncaster,DN33EW,20240331,186,529,-64.84,85590,85590 : Other education nec,85,85,85 : Education,855,855 : Other education,P,P (85),Education,2012-05-04T00:00:00Z,13.186301369863013
CFT CARE LIMITED,Barnsley,S752BL,20240331,184,182,1.1,87900,87900 : Other residential care activities,87,87,87 : Residential care activities,879,879 : Other residential care activities,Q,Q (86-88),Human health and social work activities,2014-07-31T00:00:00Z,10.945205479452055
SOUTH YORKSHIRE SENIOR CARE SERVICES LIMITED,Sheffield,S352XQ,20240731,183,168,8.93,88100,88100 : Social work activities without accommodation for the elderly and disabled,88,88,88 : Social work activities without accommodation,881,881 : Social work activities without accommodation for the elderly and disabled,Q,Q (86-88),Human health and social work activities,2006-05-25T00:00:00Z,19.134246575342466
ABBEY FORGED PRODUCTS LIMITED,Sheffield,S61ND,20231031,181,180,0.56,24100,24100 : Manufacture of basic iron and steel and of ferro-alloys,24,24,24 : Manufacture of basic metals,241,241 : Manufacture of basic iron and steel and of ferro-alloys,C,C (10-33),Manufacturing,1982-06-18T00:00:00Z,43.084931506849315
ENERGISE ENERGY SOLUTIONS LTD,Doncaster,DN93QZ,20240229,174,153,13.73,71129,71129 : Other engineering activities (not including engineering design for industrial process and production or engineering related scientific and technical consulting activities),71,71,71 : Architectural and engineering activities; technical testing and analysis,711,711 : Architectural and engineering activities and related technical consultancy,M,M (69-75),"Professional, scientific and technical activities",2018-09-29T00:00:00Z,6.778082191780822
PRIMARY CARE DONCASTER LIMITED,Doncaster,DN48QN,20240331,174,177,-1.69,86210,86210 : General medical practice activities,86,86,86 : Human health activities,862,862 : Medical and dental practice activities,Q,Q (86-88),Human health and social work activities,2017-06-16T00:00:00Z,8.065753424657535
CAUSEWAY CHARITABLE SERVICES,Sheffield,S14QZ,20240331,173,150,15.33,87900,87900 : Other residential care activities,87,87,87 : Residential care activities,879,879 : Other residential care activities,Q,Q (86-88),Human health and social work activities,2005-03-17T00:00:00Z,20.323287671232876
CURA TERRAE LAND AND NATURE LIMITED,Sheffield,S47UQ,20231231,172,160,7.5,74901,74901 : Environmental consulting activities,74,74,"74 : Other professional, scientific and technical activities",749,"749 : Other professional, scientific and technical activities n.e.c.",M,M (69-75),"Professional, scientific and technical activities",2000-10-26T00:00:00Z,24.715068493150685
CHOICES HOMECARE (SOUTH YORKS) LIMITED,Barnsley,S752BL,20240731,170,273,-37.73,88100,88100 : Social work activities without accommodation for the elderly and disabled,88,88,88 : Social work activities without accommodation,881,881 : Social work activities without accommodation for the elderly and disabled,Q,Q (86-88),Human health and social work activities,2005-11-24T00:00:00Z,19.632876712328766
QUALITY PET CARE LTD,Rotherham,S653EW,20240430,170,192,-11.46,75000,75000 : Veterinary activities,75,75,75 : Veterinary activities,750,750 : Veterinary activities,M,M (69-75),"Professional, scientific and technical activities",2012-10-11T00:00:00Z,12.747945205479452
BULLSEYE SUPERFACTORS LTD,Doncaster,DN59SE,20240331,169,162,4.32,45310,45310 : Wholesale trade of motor vehicle parts and accessories,45,45,45 : Wholesale and retail trade and repair of motor vehicles and motorcycles,453,453 : Sale of motor vehicle parts and accessories,G,G (45-47),Wholesale and retail trade; repair of motor vehicles,1995-12-22T00:00:00Z,29.564383561643837
JUNCTION 4 PALLETS LIMITED,Doncaster,DN33EA,20240731,168,165,1.82,32990,32990 : Other manufacturing nec,32,32,32 : Other manufacturing,329,329 : Other manufacturing,C,C (10-33),Manufacturing,2006-09-18T00:00:00Z,18.816438356164383
FUSCO BROWNE HEALTHCARE LTD,Sheffield,S38GG,20240930,167,145,15.17,86900,86900 : Other human health activities,86,86,86 : Human health activities,869,869 : Other human health activities,Q,Q (86-88),Human health and social work activities,2015-09-21T00:00:00Z,9.802739726027397
TALSTAFF LIMITED,Barnsley,S630JF,20240331,167,219,-23.74,78200,78200 : Temporary employment agency activities,78,78,78 : Employment activities,782,782 : Temporary employment agency activities,N,N (77-82),Administrative and support service activities,2000-03-13T00:00:00Z,25.336986301369862
EUROSAFE SOLUTIONS LIMITED,Sheffield,S139NR,20240630,166,133,24.81,43290,43290 : Other construction installation,43,43,43 : Specialised construction activities,432,"432 : Electrical, plumbing and other construction installation activities",F,F (41-43),Construction,1999-10-01T00:00:00Z,25.786301369863015
A.E.SPINK LIMITED,Doncaster,DN13RA,20231130,163,150,8.67,46730,"46730 : Wholesale of wood, construction materials and sanitary equipment",46,46,"46 : Wholesale trade, except of motor vehicles and motorcycles",467,467 : Other specialised wholesale,G,G (45-47),Wholesale and retail trade; repair of motor vehicles,1926-06-25T00:00:00Z,99.1041095890411
STANTON LOGISTICS LIMITED,Barnsley,S630JF,20240331,163,166,-1.81,49410,49410 : Freight transport by road,49,49,49 : Land transport and transport via pipelines,494,494 : Freight transport by road and removal services,H,H (49-53),Transportation and storage,2007-04-02T00:00:00Z,18.279452054794522
ASD LIGHTING PLC,Rotherham,S614RJ,20240630,162,163,-0.61,27400,27400 : Manufacture of electric lighting equipment,27,27,27 : Manufacture of electrical equipment,274,274 : Manufacture of electric lighting equipment,C,C (10-33),Manufacturing,1982-11-12T00:00:00Z,42.68219178082192
REFOOD UK LIMITED,Doncaster,DN59TL,20231231,162,159,1.89,35110,35110 : Production of electricity,35,35,"35 : Electricity, gas, steam and air conditioning supply",351,"351 : Electric power generation, transmission and distribution",D,D (35),"Electricity, gas, steam and air conditioning supply",2008-04-10T00:00:00Z,17.254794520547946
RAPID RESPONSE TELECOMS LTD,Barnsley,S751HT,20240731,160,NA,NA,42220,42220 : Construction of utility projects for electricity and telecommunications,42,42,42 : Civil engineering,422,422 : Construction of utility projects,F,F (41-43),Construction,2018-07-24T00:00:00Z,6.961643835616439
R. PLEVIN & SONS LIMITED,Barnsley,S364HG,20230831,158,182,-13.19,16100,16100 : Sawmilling and planing of wood,16,16,"16 : Manufacture of wood and of products of wood and cork, except furniture;manufacture of articles of straw and plaiting materials",161,161 : Sawmilling and planing of wood,C,C (10-33),Manufacturing,1974-05-01T00:00:00Z,51.221917808219175
SPARKS TEACHING SERVICES LTD,Sheffield,S22RL,20240731,158,162,-2.47,78200,78200 : Temporary employment agency activities,78,78,78 : Employment activities,782,782 : Temporary employment agency activities,N,N (77-82),Administrative and support service activities,2012-05-29T00:00:00Z,13.117808219178082
MIS CONVERSIONS LTD,Doncaster,DN31QR,20240430,155,127,22.05,29201,29201 : Manufacture of bodies (coachwork) for motor vehicles (except caravans),29,29,"29 : Manufacture of motor vehicles, trailers and semi-trailers",292,292 : Manufacture of bodies (coachwork) for motor vehicles; manufacture of trailers and semitrailers,C,C (10-33),Manufacturing,2006-01-04T00:00:00Z,19.52054794520548
DGCC LIMITED,Sheffield,S205EA,20240331,152,153,-0.65,93110,93110 : Operation of sports facilities,93,93,93 : Sports activities and amusement and recreation activities,931,931 : Sports activities,R,R (90-93),"Arts, entertainment and recreation",1995-11-30T00:00:00Z,29.624657534246577
LIBERTY GROUP HOLDINGS LTD,Sheffield,S11WR,20240630,151,148,2.03,64209,"64209 : Activities of other holding companies (not including agricultural, production, construction, distribution and financial  services holding companies) n.e.c",64,64,"64 : Financial service activities, except insurance and pension funding",642,642 : Activities of holding companies,K,K (64-66),Financial and insurance activities,1996-08-28T00:00:00Z,28.87945205479452
ONE CALL CLAIMS LIMITED,Doncaster,DN45JQ,20231231,151,123,22.76,82990,82990 : Other business support service activities nec,82,82,"82 : Office administrative, office support and other business support activities",829,829 : Business support service activities n.e.c.,N,N (77-82),Administrative and support service activities,2003-03-14T00:00:00Z,22.334246575342465
ROAD TANKERS (NORTHERN) LIMITED,Sheffield,S91RT,20240831,151,134,12.69,29202,29202 : Manufacture of trailers and semi-trailers,29,29,"29 : Manufacture of motor vehicles, trailers and semi-trailers",292,292 : Manufacture of bodies (coachwork) for motor vehicles; manufacture of trailers and semitrailers,C,C (10-33),Manufacturing,1991-03-07T00:00:00Z,34.36164383561644
CHOICES HOMECARE (YORKSHIRE) LIMITED,Barnsley,S752BL,20240731,150,131,14.5,88100,88100 : Social work activities without accommodation for the elderly and disabled,88,88,88 : Social work activities without accommodation,881,881 : Social work activities without accommodation for the elderly and disabled,Q,Q (86-88),Human health and social work activities,1999-06-25T00:00:00Z,26.054794520547944
COURIER LOGISTICS LIMITED,Rotherham,S253AF,20240331,150,156,-3.85,49410,49410 : Freight transport by road,49,49,49 : Land transport and transport via pipelines,494,494 : Freight transport by road and removal services,H,H (49-53),Transportation and storage,1994-08-15T00:00:00Z,30.91780821917808
OMNIDYNAMIC GROUP LIMITED,Rotherham,S253AF,20240331,150,NA,NA,64209,"64209 : Activities of other holding companies (not including agricultural, production, construction, distribution and financial  services holding companies) n.e.c",64,64,"64 : Financial service activities, except insurance and pension funding",642,642 : Activities of holding companies,K,K (64-66),Financial and insurance activities,2023-05-12T00:00:00Z,2.158904109589041
ABBEY GLEN LIMITED,Sheffield,S208NQ,20241231,149,149,0,96010,96010 : Washing and (dry-)cleaning of textile and fur products,96,96,96 : Other personal service activities,960,960 : Other personal service activities,S,S (94-96),Other service activities,1919-09-30T00:00:00Z,105.84383561643835
FORD WINDOWS LIMITED,Sheffield,S95JF,20231231,148,156,-5.13,32990,32990 : Other manufacturing nec,32,32,32 : Other manufacturing,329,329 : Other manufacturing,C,C (10-33),Manufacturing,1994-09-12T00:00:00Z,30.84109589041096
